<ImportExportXml xmlns:xsi="http://www.w3.org/2001/XMLSchema-instance">
  <Entities></Entities>
  <Roles></Roles>
  <Workflows></Workflows>
  <FieldSecurityProfiles></FieldSecurityProfiles>
  <Templates />
  <EntityMaps />
  <EntityRelationships />
  <OrganizationSettings />
  <optionsets />
  <WebResources>
    <WebResource>
      <WebResourceId>{c4753bde-013f-4dc3-a226-131d680e3e62}</WebResourceId>
      <Name>kipon_/xrmservicegenerator/index.html</Name>
      <DisplayName>xrmservicegenerator: kipon_/xrmservicegenerator/index.html</DisplayName>
      <Description>Imported as part of the xrmservicegenerator application</Description>
      <WebResourceType>1</WebResourceType>
      <IntroducedVersion>1.0</IntroducedVersion>
      <IsEnabledForMobileClient>0</IsEnabledForMobileClient>
      <IsAvailableForMobileOffline>0</IsAvailableForMobileOffline>
      <IsCustomizable>1</IsCustomizable>
      <CanBeDeleted>1</CanBeDeleted>
      <IsHidden>0</IsHidden>
      <FileName>/WebResources/kipon_xrmservicegeneratorindexhtmlC4753BDE-013F-4DC3-A226-131D680E3E62</FileName>
    </WebResource>
    <WebResource>
      <WebResourceId>{f696db42-1bfb-4267-9f11-3e8985cf6d14}</WebResourceId>
      <Name>kipon_/xrmservicegenerator/inline.bundle.js</Name>
      <DisplayName>xrmservicegenerator: kipon_/xrmservicegenerator/inline.bundle.js</DisplayName>
      <Description>Imported as part of the xrmservicegenerator application</Description>
      <WebResourceType>3</WebResourceType>
      <IntroducedVersion>1.0</IntroducedVersion>
      <IsEnabledForMobileClient>0</IsEnabledForMobileClient>
      <IsAvailableForMobileOffline>0</IsAvailableForMobileOffline>
      <IsCustomizable>1</IsCustomizable>
      <CanBeDeleted>1</CanBeDeleted>
      <IsHidden>0</IsHidden>
      <FileName>/WebResources/kipon_xrmservicegeneratorinlinebundlejsF696DB42-1BFB-4267-9F11-3E8985CF6D14</FileName>
    </WebResource>
    <WebResource>
      <WebResourceId>{ded8b521-65c3-46d8-82c5-71ce6118586d}</WebResourceId>
      <Name>kipon_/xrmservicegenerator/polyfills.bundle.js</Name>
      <DisplayName>xrmservicegenerator: kipon_/xrmservicegenerator/polyfills.bundle.js</DisplayName>
      <Description>Imported as part of the xrmservicegenerator application</Description>
      <WebResourceType>3</WebResourceType>
      <IntroducedVersion>1.0</IntroducedVersion>
      <IsEnabledForMobileClient>0</IsEnabledForMobileClient>
      <IsAvailableForMobileOffline>0</IsAvailableForMobileOffline>
      <IsCustomizable>1</IsCustomizable>
      <CanBeDeleted>1</CanBeDeleted>
      <IsHidden>0</IsHidden>
      <FileName>/WebResources/kipon_xrmservicegeneratorpolyfillsbundlejsDED8B521-65C3-46D8-82C5-71CE6118586D</FileName>
    </WebResource>
    <WebResource>
      <WebResourceId>{c7102f5e-f39e-47b9-a839-82d87987193d}</WebResourceId>
      <Name>kipon_/xrmservicegenerator/main.bundle.js</Name>
      <DisplayName>xrmservicegenerator: kipon_/xrmservicegenerator/main.bundle.js</DisplayName>
      <Description>Imported as part of the xrmservicegenerator application</Description>
      <WebResourceType>3</WebResourceType>
      <IntroducedVersion>1.0</IntroducedVersion>
      <IsEnabledForMobileClient>0</IsEnabledForMobileClient>
      <IsAvailableForMobileOffline>0</IsAvailableForMobileOffline>
      <IsCustomizable>1</IsCustomizable>
      <CanBeDeleted>1</CanBeDeleted>
      <IsHidden>0</IsHidden>
      <FileName>/WebResources/kipon_xrmservicegeneratormainbundlejsC7102F5E-F39E-47B9-A839-82D87987193D</FileName>
    </WebResource>
    <WebResource>
      <WebResourceId>{83391e13-d75b-4d9b-bba1-8cdd351dc5c8}</WebResourceId>
      <Name>kipon_/xrmservicegenerator/styles.bundle.css</Name>
      <DisplayName>xrmservicegenerator: kipon_/xrmservicegenerator/styles.bundle.css</DisplayName>
      <Description>Imported as part of the xrmservicegenerator application</Description>
      <WebResourceType>2</WebResourceType>
      <IntroducedVersion>1.0</IntroducedVersion>
      <IsEnabledForMobileClient>0</IsEnabledForMobileClient>
      <IsAvailableForMobileOffline>0</IsAvailableForMobileOffline>
      <IsCustomizable>1</IsCustomizable>
      <CanBeDeleted>1</CanBeDeleted>
      <IsHidden>0</IsHidden>
      <FileName>/WebResources/kipon_xrmservicegeneratorstylesbundlecss83391E13-D75B-4D9B-BBA1-8CDD351DC5C8</FileName>
    </WebResource>
    <WebResource>
      <WebResourceId>{cce58627-c3e0-4160-a7fd-c6f41b29ff4a}</WebResourceId>
      <Name>kipon_/demo/index.html</Name>
      <DisplayName>demo: kipon_/demo/index.html</DisplayName>
      <Description>Imported as part of the demo application</Description>
      <WebResourceType>1</WebResourceType>
      <IntroducedVersion>1.0</IntroducedVersion>
      <IsEnabledForMobileClient>0</IsEnabledForMobileClient>
      <IsAvailableForMobileOffline>0</IsAvailableForMobileOffline>
      <IsCustomizable>1</IsCustomizable>
      <CanBeDeleted>1</CanBeDeleted>
      <IsHidden>0</IsHidden>
      <FileName>/WebResources/kipon_demoindexhtmlCCE58627-C3E0-4160-A7FD-C6F41B29FF4A</FileName>
    </WebResource>
    <WebResource>
      <WebResourceId>{30fd62a1-709d-4a2f-b626-d1e6a57109ab}</WebResourceId>
      <Name>kipon_/xrmservicegenerator/favicon.ico</Name>
      <DisplayName>xrmservicegenerator: kipon_/xrmservicegenerator/favicon.ico</DisplayName>
      <Description>Imported as part of the xrmservicegenerator application</Description>
      <WebResourceType>10</WebResourceType>
      <IntroducedVersion>1.0</IntroducedVersion>
      <IsEnabledForMobileClient>0</IsEnabledForMobileClient>
      <IsAvailableForMobileOffline>0</IsAvailableForMobileOffline>
      <IsCustomizable>1</IsCustomizable>
      <CanBeDeleted>1</CanBeDeleted>
      <IsHidden>0</IsHidden>
      <FileName>/WebResources/kipon_xrmservicegeneratorfaviconico30FD62A1-709D-4A2F-B626-D1E6A57109AB</FileName>
    </WebResource>
  </WebResources>
  <Languages>
    <Language>1033</Language>
  </Languages>
</ImportExportXml>