<ImportExportXml version="8.2.0001.0176" SolutionPackageVersion="8.2" languagecode="1033" generatedBy="OnPremise" xmlns:xsi="http://www.w3.org/2001/XMLSchema-instance">
  <SolutionManifest>
    <UniqueName>XrmContextServiceGenerator</UniqueName>
    <LocalizedNames>
      <LocalizedName description="XrmContextService Generator" languagecode="1033" />
    </LocalizedNames>
    <Descriptions>
      <Description description="1.0.0.3 Generate OptionSetValue for State and Status fields&#xA;1.0.0.2 fixed syntax errors in generated service&#xA;1.0.0.1  map Decimal fileds correctly." languagecode="1033" />
    </Descriptions>
    <Version>1.0.0.3</Version>
    <Managed>1</Managed>
    <ConfigurationPage>kipon_/xrmservicegenerator/index.html</ConfigurationPage>
    <Publisher>
      <UniqueName>kipon</UniqueName>
      <LocalizedNames>
        <LocalizedName description="Kipon ApS" languagecode="1033" />
      </LocalizedNames>
      <Descriptions />
      <EMailAddress>kip@kipon.dk</EMailAddress>
      <SupportingWebsiteUrl>http://www.kipon.dk</SupportingWebsiteUrl>
      <CustomizationPrefix>kipon</CustomizationPrefix>
      <CustomizationOptionValuePrefix>34783</CustomizationOptionValuePrefix>
      <Addresses>
        <Address>
          <AddressNumber>1</AddressNumber>
          <AddressTypeCode>1</AddressTypeCode>
          <City>Søborg</City>
          <County xsi:nil="true"></County>
          <Country>Denmark</Country>
          <Fax xsi:nil="true"></Fax>
          <FreightTermsCode xsi:nil="true"></FreightTermsCode>
          <ImportSequenceNumber xsi:nil="true"></ImportSequenceNumber>
          <Latitude xsi:nil="true"></Latitude>
          <Line1>Carl Møllers Alle 38</Line1>
          <Line2 xsi:nil="true"></Line2>
          <Line3 xsi:nil="true"></Line3>
          <Longitude xsi:nil="true"></Longitude>
          <Name xsi:nil="true"></Name>
          <PostalCode>2860</PostalCode>
          <PostOfficeBox xsi:nil="true"></PostOfficeBox>
          <PrimaryContactName xsi:nil="true"></PrimaryContactName>
          <ShippingMethodCode>1</ShippingMethodCode>
          <StateOrProvince xsi:nil="true"></StateOrProvince>
          <Telephone1>+4530701148</Telephone1>
          <Telephone2 xsi:nil="true"></Telephone2>
          <Telephone3 xsi:nil="true"></Telephone3>
          <TimeZoneRuleVersionNumber xsi:nil="true"></TimeZoneRuleVersionNumber>
          <UPSZone xsi:nil="true"></UPSZone>
          <UTCOffset xsi:nil="true"></UTCOffset>
          <UTCConversionTimeZoneCode xsi:nil="true"></UTCConversionTimeZoneCode>
        </Address>
        <Address>
          <AddressNumber>2</AddressNumber>
          <AddressTypeCode>1</AddressTypeCode>
          <City xsi:nil="true"></City>
          <County xsi:nil="true"></County>
          <Country xsi:nil="true"></Country>
          <Fax xsi:nil="true"></Fax>
          <FreightTermsCode xsi:nil="true"></FreightTermsCode>
          <ImportSequenceNumber xsi:nil="true"></ImportSequenceNumber>
          <Latitude xsi:nil="true"></Latitude>
          <Line1 xsi:nil="true"></Line1>
          <Line2 xsi:nil="true"></Line2>
          <Line3 xsi:nil="true"></Line3>
          <Longitude xsi:nil="true"></Longitude>
          <Name xsi:nil="true"></Name>
          <PostalCode xsi:nil="true"></PostalCode>
          <PostOfficeBox xsi:nil="true"></PostOfficeBox>
          <PrimaryContactName xsi:nil="true"></PrimaryContactName>
          <ShippingMethodCode>1</ShippingMethodCode>
          <StateOrProvince xsi:nil="true"></StateOrProvince>
          <Telephone1 xsi:nil="true"></Telephone1>
          <Telephone2 xsi:nil="true"></Telephone2>
          <Telephone3 xsi:nil="true"></Telephone3>
          <TimeZoneRuleVersionNumber xsi:nil="true"></TimeZoneRuleVersionNumber>
          <UPSZone xsi:nil="true"></UPSZone>
          <UTCOffset xsi:nil="true"></UTCOffset>
          <UTCConversionTimeZoneCode xsi:nil="true"></UTCConversionTimeZoneCode>
        </Address>
      </Addresses>
    </Publisher>
    <RootComponents>
      <RootComponent type="61" schemaName="kipon_/demo/index.html" behavior="0" />
      <RootComponent type="61" schemaName="kipon_/xrmservicegenerator/favicon.ico" behavior="0" />
      <RootComponent type="61" schemaName="kipon_/xrmservicegenerator/index.html" behavior="0" />
      <RootComponent type="61" schemaName="kipon_/xrmservicegenerator/inline.bundle.js" behavior="0" />
      <RootComponent type="61" schemaName="kipon_/xrmservicegenerator/main.bundle.js" behavior="0" />
      <RootComponent type="61" schemaName="kipon_/xrmservicegenerator/polyfills.bundle.js" behavior="0" />
      <RootComponent type="61" schemaName="kipon_/xrmservicegenerator/styles.bundle.css" behavior="0" />
    </RootComponents>
    <MissingDependencies />
  </SolutionManifest>
</ImportExportXml>